<?xml version="1.0" encoding="UTF-8"?>
<rss version="2.0">
    <channel>
        <title>Marcos_Fernández_García</title>
        <link>https://www.w3schools.com</link>
        <description>Servidor web Marcos_Fernández_García DAW1</description>
        <item>
            <title>Fan_page</title>
            <link>http://127.0.0.1:5500/examen/inicio.html</link>
            <description>Horario del curso DAW1 del IES Los Sauces-03/12/2024</description>
        </item>
        <item>
            <title>Validacion</title>
            <link>http://daw104.ieslossauces.es</link>
            <description>Se añadio la validacion a todos los apartados de la pagina-04/12/2024</description>
        </item>
        <item>
            <title>Introduccion mapa interactivo</title>
            <link>http://daw104.ieslossauces.es/webroot/ud1/mapa.html</link>
            <description>Se ha añadido un mapa interactivo de papi dafoo-03/12/2024</description>
        </item>
        <item>
            <title>Horario</title>
            <link>http://daw104.ieslossauces.es/webroot/ud2/02/index.html</link>
            <description>Horario del curso DAW1 del IES Los Sauces-03/12/2024</description>
        </item>
        
    </channel>
</rss>

 